{"cameraMode":{"drawMode":0,"name":"Shaded","section":"Shading Mode"},"sceneLighting":true,"audioPlay":false,"sceneViewState":{"m_AlwaysRefresh":false,"showFog":true,"showSkybox":true,"showFlares":true,"showImageEffects":true,"showParticleSystems":true,"showVisualEffectGraphs":true,"m_FxEnabled":true},"in2DMode":false,"pivot":{"x":1.635160207748413,"y":0.21866071224212647,"z":1.7424052953720093},"rotation":{"x":-0.22796088457107545,"y":0.2792271077632904,"z":-0.06841915100812912,"w":-0.9302799105644226},"size":6.438612461090088,"orthographic":true}