{"cameraMode":{"drawMode":0,"name":"Shaded","section":"Shading Mode"},"sceneLighting":true,"audioPlay":false,"sceneViewState":{"m_AlwaysRefresh":false,"showFog":true,"showSkybox":true,"showFlares":true,"showImageEffects":true,"showParticleSystems":true,"showVisualEffectGraphs":true,"m_FxEnabled":true},"in2DMode":false,"pivot":{"x":4.510713577270508,"y":2.0202298164367677,"z":-2.3767216205596926},"rotation":{"x":-0.28815045952796938,"y":0.3513963520526886,"z":-0.11462618410587311,"w":-0.8833811283111572},"size":5.6041436195373539,"orthographic":true}