{"cameraMode":{"drawMode":0,"name":"Shaded","section":"Shading Mode"},"sceneLighting":false,"audioPlay":false,"sceneViewState":{"m_AlwaysRefresh":false,"showFog":true,"showSkybox":false,"showFlares":true,"showImageEffects":true,"showParticleSystems":true,"showVisualEffectGraphs":true,"m_FxEnabled":true},"in2DMode":false,"pivot":{"x":-0.7618856430053711,"y":1.5165839195251465,"z":-0.2787437438964844},"rotation":{"x":-0.10362322628498078,"y":0.0005936110392212868,"z":-0.0000623758023721166,"w":-0.9946182370185852},"size":10.851710319519043,"orthographic":false}