{"cameraMode":{"drawMode":0,"name":"Shaded","section":"Shading Mode"},"sceneLighting":true,"audioPlay":false,"sceneViewState":{"m_AlwaysRefresh":false,"showFog":true,"showSkybox":true,"showFlares":true,"showImageEffects":true,"showParticleSystems":true,"showVisualEffectGraphs":true,"m_FxEnabled":true},"in2DMode":false,"pivot":{"x":-628.3434448242188,"y":-2079.43115234375,"z":929.9423217773438},"rotation":{"x":-0.18228435516357423,"y":-0.0023625094909220936,"z":0.0004378953017294407,"w":-0.983242928981781},"size":7.891926288604736,"orthographic":false}