{"cameraMode":{"drawMode":0,"name":"Shaded","section":"Shading Mode"},"sceneLighting":true,"audioPlay":false,"sceneViewState":{"m_AlwaysRefresh":false,"showFog":true,"showSkybox":true,"showFlares":true,"showImageEffects":true,"showParticleSystems":true,"showVisualEffectGraphs":true,"m_FxEnabled":true},"in2DMode":false,"pivot":{"x":-7.4872589111328129,"y":0.7856302261352539,"z":-14.815649032592774},"rotation":{"x":-0.02047213912010193,"y":0.9674813747406006,"z":-0.08322354406118393,"w":-0.2379881888628006},"size":35.93501663208008,"orthographic":false}