{"cameraMode":{"drawMode":0,"name":"Shaded","section":"Shading Mode"},"sceneLighting":false,"audioPlay":false,"sceneViewState":{"m_AlwaysRefresh":false,"showFog":true,"showSkybox":false,"showFlares":true,"showImageEffects":true,"showParticleSystems":true,"showVisualEffectGraphs":true,"m_FxEnabled":true},"in2DMode":false,"pivot":{"x":0.32266801595687868,"y":0.6717401146888733,"z":-0.20179271697998048},"rotation":{"x":-0.23472093045711518,"y":0.3695983588695526,"z":-0.09706028550863266,"w":-0.8938089609146118},"size":0.9909272789955139,"orthographic":true}