{"cameraMode":{"drawMode":0,"name":"Shaded","section":"Shading Mode"},"sceneLighting":true,"audioPlay":false,"sceneViewState":{"m_AlwaysRefresh":false,"showFog":true,"showSkybox":true,"showFlares":true,"showImageEffects":true,"showParticleSystems":true,"showVisualEffectGraphs":true,"m_FxEnabled":true},"in2DMode":false,"pivot":{"x":14.090104103088379,"y":5.168954849243164,"z":6.756052017211914},"rotation":{"x":-0.10362322628498078,"y":0.0005936110392212868,"z":-0.0000623758023721166,"w":-0.9946182370185852},"size":22.27339744567871,"orthographic":false}