{"cameraMode":{"drawMode":0,"name":"Shaded","section":"Shading Mode"},"sceneLighting":false,"audioPlay":false,"sceneViewState":{"m_AlwaysRefresh":false,"showFog":true,"showSkybox":false,"showFlares":true,"showImageEffects":true,"showParticleSystems":true,"showVisualEffectGraphs":true,"m_FxEnabled":true},"in2DMode":false,"pivot":{"x":6.707704544067383,"y":1.6240166425704957,"z":98.47198486328125},"rotation":{"x":-0.24382789433002473,"y":0.0005794160533696413,"z":-0.0001489739224780351,"w":-0.9698260426521301},"size":4.488542556762695,"orthographic":true}