{"cameraMode":{"drawMode":0,"name":"Shaded","section":"Shading Mode"},"sceneLighting":false,"audioPlay":false,"sceneViewState":{"m_AlwaysRefresh":false,"showFog":true,"showSkybox":false,"showFlares":true,"showImageEffects":true,"showParticleSystems":true,"showVisualEffectGraphs":true,"m_FxEnabled":true},"in2DMode":false,"pivot":{"x":4.918255805969238,"y":0.9730542302131653,"z":6.891054153442383},"rotation":{"x":-0.09379895031452179,"y":0.13457486033439637,"z":-0.012797243893146515,"w":-0.9863719940185547},"size":2.452697515487671,"orthographic":false}