{"cameraMode":{"drawMode":0,"name":"Shaded","section":"Shading Mode"},"sceneLighting":true,"audioPlay":false,"sceneViewState":{"m_AlwaysRefresh":false,"showFog":true,"showSkybox":true,"showFlares":true,"showImageEffects":true,"showParticleSystems":true,"showVisualEffectGraphs":true,"m_FxEnabled":true},"in2DMode":false,"pivot":{"x":-5.513520240783691,"y":7.234880447387695,"z":43.25859832763672},"rotation":{"x":-0.33847877383232119,"y":-0.00790757779031992,"z":0.002838152227923274,"w":-0.9409467577934265},"size":16.896142959594728,"orthographic":false}