{"cameraMode":{"drawMode":0,"name":"Shaded","section":"Shading Mode"},"sceneLighting":true,"audioPlay":false,"sceneViewState":{"m_AlwaysRefresh":false,"showFog":true,"showSkybox":true,"showFlares":true,"showImageEffects":true,"showParticleSystems":true,"showVisualEffectGraphs":true,"m_FxEnabled":true},"in2DMode":false,"pivot":{"x":-0.08270283043384552,"y":5.731376647949219,"z":-5.920600891113281},"rotation":{"x":-0.24382789433002473,"y":0.0005794160533696413,"z":-0.0001489739224780351,"w":-0.9698260426521301},"size":4.559796333312988,"orthographic":true}