{"cameraMode":{"drawMode":0,"name":"Shaded","section":"Shading Mode"},"sceneLighting":true,"audioPlay":false,"sceneViewState":{"m_AlwaysRefresh":false,"showFog":true,"showSkybox":true,"showFlares":true,"showImageEffects":true,"showParticleSystems":true,"showVisualEffectGraphs":true,"m_FxEnabled":true},"in2DMode":false,"pivot":{"x":0.8992124795913696,"y":-22.665327072143556,"z":18.43852996826172},"rotation":{"x":-0.33847877383232119,"y":-0.00790757779031992,"z":0.002838152227923274,"w":-0.9409467577934265},"size":44.9133186340332,"orthographic":false}