{"cameraMode":{"drawMode":0,"name":"Shaded","section":"Shading Mode"},"sceneLighting":true,"audioPlay":false,"sceneViewState":{"m_AlwaysRefresh":false,"showFog":true,"showSkybox":true,"showFlares":true,"showImageEffects":true,"showParticleSystems":true,"showVisualEffectGraphs":true,"m_FxEnabled":true},"in2DMode":false,"pivot":{"x":0.8992123603820801,"y":-22.665327072143556,"z":18.43852996826172},"rotation":{"x":-0.26269179582595827,"y":-0.0023187571205198766,"z":0.000625048705842346,"w":-0.9648869037628174},"size":31.94676971435547,"orthographic":false}