{"cameraMode":{"drawMode":0,"name":"Shaded","section":"Shading Mode"},"sceneLighting":true,"audioPlay":false,"sceneViewState":{"m_AlwaysRefresh":false,"showFog":true,"showSkybox":true,"showFlares":true,"showImageEffects":true,"showParticleSystems":true,"showVisualEffectGraphs":true,"m_FxEnabled":true},"in2DMode":false,"pivot":{"x":-2.534409999847412,"y":23.9688720703125,"z":3.6489925384521486},"rotation":{"x":-0.24382789433002473,"y":0.0005794160533696413,"z":-0.0001489739224780351,"w":-0.9698260426521301},"size":34.93528747558594,"orthographic":true}